{"('0', '2', '0000')": [2.0, 0.0, 1.999999999979398, 0.0], "('0', '2', '0001')": [1.9986685704677827, -2.51653311169354e-26, 2.0, -0.973], "('0', '2', '0010')": [1.9999995586289796, -5.898701292435541e-56, 0, 0.0], "('0', '2', '0011')": [2.0, 0, 0, 0], "('0', '2', '0100')": [1.9999999961332244, -0.9999999999999999, 1.9779048863467135, -5.390254105583023e-205], "('0', '2', '0101')": [1.9999999999514502, 0, 0, 0], "('0', '2', '0110')": [2.0, 0, 0, 0], "('0', '2', '0111')": [2.0, 0, 0, 0], "('0', '2', '1000')": [-0.9099999999999999, -0.039188905272345385, 1.9999999999998583, 0], "('0', '2', '1001')": [-0.7, 0.0, 2.0, 0], "('0', '2', '1010')": [-0.973, -1.043261489035526, -0.973, -1.2915000000001056], "('0', '2', '1011')": [-0.9099999999999999, -1.0189833202519734, -0.9099999999999999, -0.9099999999999999], "('0', '2', '1100')": [-0.7, -0.7, 1.9999999999757252, 0], "('0', '2', '1101')": [-0.7, -0.7, 2.0, 0], "('0', '2', '1110')": [-0.7, -0.7, -0.7, 0], "('0', '2', '1111')": [0, 0, 0, 0], "('0', '3', '0000')": [1.9999999699994007, -6.693813210178981e-194, -4.847536177733622e-130, 1.999999999999832], "('0', '3', '0001')": [1.9999989536776452, 0.0, -0.00021377212923885398, -0.973], "('0', '3', '0010')": [1.79, -5.656233292445035e-247, -0.99993439, 2.0], "('0', '3', '0011')": [1.9999999999835971, 0, 0, 0], "('0', '3', '0100')": [1.99999986790483, -0.9999998405677, -2.4075593135045476e-263, 1.9997650328416534], "('0', '3', '0101')": [2.0, 0, 0, 0], "('0', '3', '0110')": [2.0, 0, 0, 0], "('0', '3', '0111')": [1.9992892583825252, 0, 0, 0], "('0', '3', '1000')": [-0.9099999999999999, -4.200021233955334e-34, -0.7000000015963612, 1.9999999999999845], "('0', '3', '1001')": [-0.99757, -0.999980317, -1.2966258577187477, -0.99757], "('0', '3', '1010')": [-0.7, -7.65500224571003e-05, -0.7, 1.9999999999995668], "('0', '3', '1011')": [-0.7, -0.24510717471840682, -0.7, 0], "('0', '3', '1100')": [-0.7, -0.7, 0.0, 2.0], "('0', '3', '1101')": [-0.9099999999999999, -0.7, -1.0185, -0.7], "('0', '3', '1110')": [-0.7, -0.7, 0, 0], "('0', '3', '1111')": [-0.7, -0.7, 0, 0], "('0', 'WA', '0000')": [2.0, -6.190975434817793e-182, -1.1082140875325435e-190, 0.0], "('0', 'WA', '0001')": [1.9999999999761167, 0, 0, 0], "('0', 'WA', '0010')": [1.9999999999997893, -0.9999940951, 0, 0], "('0', 'WA', '0011')": [1.9999999945953044, 0, 0, 0], "('0', 'WA', '0100')": [2.0, -0.999271, -3.6147778859074717e-13, 0.0], "('0', 'WA', '0101')": [1.9999999845580125, 0, 0, 0], "('0', 'WA', '0110')": [2.0, 0, 0, 0], "('0', 'WA', '0111')": [2.0, 0, 0, 0], "('0', 'WA', '1000')": [-0.9099999999999999, -0.999980317, -1.0471650001310313, -1.1102230246251565e-16], "('0', 'WA', '1001')": [-0.9099999999999999, -0.9271195783666024, -1.0405499999999999, -0.9099999999999999], "('0', 'WA', '1010')": [-0.973, -1.155000000045861, -0.973, -1.0185], "('0', 'WA', '1011')": [0, 0, 0, 0], "('0', 'WA', '1100')": [-0.99757, -0.99757, -1.0185, -1.0000000000009026], "('0', 'WA', '1101')": [-0.9099999999999999, -0.9099999999999999, -0.999271, -0.9099999999999999], "('0', 'WA', '1110')": [-0.7, 0, 0, 0], "('0', 'WA', '1111')": [0, 0, 0, 0], "('1', '2', '0000')": [-6.28053249911312e-242, 2.0, 1.9999999999998588, -3.0784937686123974e-84], "('1', '2', '0001')": [-4.6187862996132794e-91, 1.9939445187117848, 1.9999999999999905, -0.99999822853], "('1', '2', '0010')": [-0.39692065, 1.9999999999925924, -0.7, 0], "('1', '2', '0011')": [-0.973, 2.0, 0, 0], "('1', '2', '0100')": [-1.9394263705299137e-07, -0.9099999999999999, 1.9999999999999967, -6.5900225178903076e-12], "('1', '2', '0101')": [-0.973, -0.7, 1.9999980129364983, 0], "('1', '2', '0110')": [-1.4666004788587559, -0.999271, -0.999271, -1.2915], "('1', '2', '0111')": [-1.4349186227202793, -0.7, 0, 0], "('1', '2', '1000')": [-0.9999999996125795, 1.9999999999818139, 1.9982889752420423, -2.4043931534266614e-161], "('1', '2', '1001')": [-0.7, 2.0, 0, 0], "('1', '2', '1010')": [-0.7, 1.998523152251334, 0, -0.12073330500000003], "('1', '2', '1011')": [-0.7, 0, 0, 0], "('1', '2', '1100')": [-0.7, -0.7, 0, 0], "('1', '2', '1101')": [-0.7, -0.7, 0, 0], "('1', '2', '1110')": [-0.9099999999999999, -0.9099999999999999, -0.9099999999999999, -1.0185], "('1', '2', '1111')": [0, 0, 0, 0], "('1', '3', '0000')": [-0.028676692728760573, 1.9426478274275285, 0, 0], "('1', '3', '0001')": [-1.4003155167449848e-111, 1.9996891490573223, 0.0, -0.9099999999999999], "('1', '3', '0010')": [-1.1885316784962546e-81, 1.8037946042500002, -0.9099999999999999, 2.0], "('1', '3', '0011')": [-0.7, 1.0547615439995894, 0, 0], "('1', '3', '0100')": [-1.6226897793775667e-18, -0.7, -1.0068257490945874e-14, 1.9999999999999931], "('1', '3', '0101')": [-0.33310262309795674, -0.973, -1.2915, -0.973], "('1', '3', '0110')": [-4.556066079963727e-11, -0.7, -0.7, 1.9999999999990494], "('1', '3', '0111')": [0, 0, 0, 0], "('1', '3', '1000')": [-1.0, 1.999999999979962, -4.8993327723736274e-294, 1.9992802306134299], "('1', '3', '1001')": [-0.7, 1.890352412454495, 0, 0], "('1', '3', '1010')": [-0.7, 1.9999999999999967, 0, 0], "('1', '3', '1011')": [-0.7, 1.9999999910551, 0, 0], "('1', '3', '1100')": [-0.7, -0.7, 0, 0], "('1', '3', '1101')": [-0.9099999999999999, -0.7, -1.0185, -0.7], "('1', '3', '1110')": [0, 0, 0, 0], "('1', '3', '1111')": [-0.7, 0, 0, 0], "('1', 'WA', '0000')": [-7.246001154407232e-21, 1.9999999999905893, 0, 0], "('1', 'WA', '0001')": [-1.0, 1.9999999999886178, 0, -0.7], "('1', 'WA', '0010')": [-0.7, 1.9999999999999942, 0, 0], "('1', 'WA', '0011')": [-0.973, 1.9996707107433427, 0, 0], "('1', 'WA', '0100')": [-1.48649965456335, -0.9999999956953279, -1.0185000372969588, -1.2915000008871127], "('1', 'WA', '0101')": [-0.973, -0.7, -1.0912328509324054, -0.7], "('1', 'WA', '0110')": [-0.9295081380539364, -0.9099999999999999, -0.7, -1.0491495], "('1', 'WA', '0111')": [0, 0, 0, 0], "('1', 'WA', '1000')": [-0.9919, 2.0, 0.0, 0.0], "('1', 'WA', '1001')": [-0.7, 1.9999999999999016, 0, 0], "('1', 'WA', '1010')": [-0.7, 2.0, 0, 0], "('1', 'WA', '1011')": [0, 0, 0, 0], "('1', 'WA', '1100')": [-0.999271, -0.999271, -1.0405499999999999, -1.0405499999999999], "('1', 'WA', '1101')": [-0.7, -0.7, 0, 0], "('1', 'WA', '1110')": [-0.7, -0.7, -0.7, -1.0491495], "('1', 'WA', '1111')": [0, 0, 0, 0], "('WA', '2', '0000')": [0.0, 0.0, 2.0, 0.0], "('WA', '2', '0001')": [-1.5318641823503475e-108, -1.6280801811998595e-42, 1.9999998645829538, -0.9999999998837739], "('WA', '2', '0010')": [-0.05573750000037765, -0.35833478967890636, -0.7, -0.9999982943214518], "('WA', '2', '0011')": [-1.4620148732316378, -1.0392390750247182, -0.999271, -0.99757], "('WA', '2', '0100')": [-6.383853522386377e-05, -0.9919, 1.9999970132237066, -1.0], "('WA', '2', '0101')": [-0.02572500000000004, -0.7, 2.0, 0], "('WA', '2', '0110')": [-0.973, -0.9099999999999999, -0.7, -0.9997813506088621], "('WA', '2', '0111')": [-1.0471650000000001, 0, 0, 0], "('WA', '2', '1000')": [-0.973, -0.059454602829744976, 1.999967359981097, -0.9099999999999999], "('WA', '2', '1001')": [-0.7, -5.230260667675871e-12, 2.0, 0], "('WA', '2', '1010')": [-0.7, -0.9730000000903706, -0.7, -0.9938099777753666], "('WA', '2', '1011')": [-0.7, 0, 0, 0], "('WA', '2', '1100')": [-0.7, -0.7, 2.0, 0], "('WA', '2', '1101')": [0, 0, 0, 0], "('WA', '2', '1110')": [-0.7, 0, 0, 0], "('WA', '2', '1111')": [0, 0, 0, 0], "('WA', '3', '0000')": [-0.028731909280074977, -1.2678949855306116e-12, -4.308443824453875e-24, 1.999999914284002], "('WA', '3', '0001')": [-0.4602532723250067, -8.337774914934926e-14, -1.0061161103625398, -0.7], "('WA', '3', '0010')": [-1.7228604072387792e-150, -7.17818194314503e-162, -0.999999985651093, 1.9943456477952557], "('WA', '3', '0011')": [-1.218, -1.294260077233172, -0.999271, -0.999271], "('WA', '3', '0100')": [-0.7, -0.7, -1.0169535345417304, 1.902464576936882], "('WA', '3', '0101')": [-0.973, -0.9099999999999999, -1.0710886453137523, -0.9099999999999999], "('WA', '3', '0110')": [-0.999271, -0.7, -0.7, 2.0], "('WA', '3', '0111')": [0, 0, 0, 0],